{
  "2025-06-10T19:58:14.444525": {
    "lexical_diversity": 0.2575387123064385,
    "symbolic_density": 0.4083129584352078,
    "divergence_space": 0.5704171657562256
  }
}
